{
  "accuracy": 0.63,
  "precision": 0.36666666666666664,
  "recall": 0.3793103448275862,
  "f1": 0.3728813559322034,
  "roc_auc": 0.5473530840213696,
  "cv_auc_mean": 0.6225652446333225,
  "cv_auc_std": 0.015163768521390918
}