{
  "accuracy": 0.977122641509434,
  "balanced_accuracy": 0.9820216292769766,
  "precision": 0.7926920208799404,
  "recall": 0.9879182156133829,
  "f1": 0.8796028134050475,
  "roc_auc": 0.9978541288076632,
  "cv_auc": 0.9996541346574972,
  "threshold": 0.060000000000000005,
  "specificity": 0.9761250429405702,
  "sensitivity": 0.9879182156133829
}