{
  "accuracy": 0.9828282828282828,
  "balanced_accuracy": 0.9500291375291375,
  "precision": 0.9637096774193549,
  "recall": 0.9053030303030303,
  "f1": 0.93359375,
  "roc_auc": 0.9631912437310163,
  "cv_auc": 0.9991074634697042,
  "threshold": 0.21000000000000002,
  "specificity": 0.9947552447552448,
  "sensitivity": 0.9053030303030303
}