{
  "accuracy": 0.9541666666666667,
  "balanced_accuracy": 0.9488119813637919,
  "precision": 0.8305621536025336,
  "recall": 0.9403854773644106,
  "f1": 0.8820685305865041,
  "roc_auc": 0.9868827378532786,
  "cv_auc": 0.9974724305285166,
  "threshold": 0.02,
  "specificity": 0.9572384853631731,
  "sensitivity": 0.9403854773644106
}