{
  "balanced_accuracy": 0.8846461949265687,
  "sensitivity": 0.7904761904761904,
  "specificity": 0.9788161993769471,
  "precision": 0.8798586572438163,
  "recall": 0.7904761904761904,
  "f1": 0.8327759197324415,
  "roc_auc": 0.9145304850912328,
  "threshold": 0.13
}